Topic,Tweet
Adani Wilmar,"RT @jawharsircar: Adani empire starts cracking up! 

Adani starts to exit prize company Adani Wilmar and decides to sell it stake
— as it n…"
Adani Wilmar,"RT @jawharsircar: Adani empire starts cracking up! 

Adani starts to exit prize company Adani Wilmar and decides to sell it stake
— as it n…"
Adani Wilmar,"RT @RavinderKapur2: BREAKING NEWS ➖ Adani exits FMCG segment.

Adani's major fallout since his US  Bribery indictment .

Adani group announ…"
Adani Wilmar,"RT @PriaINC: Breaking ‼️

Adani Group to sell 44% stake in Adani Wilmar to Lence PTE LT.

#AccheDin https://t.co/BCZp1UgHBL"
Adani Wilmar,"RT @jawharsircar: Adani empire starts cracking up! 

Adani starts to exit prize company Adani Wilmar and decides to sell it stake
— as it n…"
Adani Wilmar,"RT @jawharsircar: Adani empire starts cracking up! 

Adani starts to exit prize company Adani Wilmar and decides to sell it stake
— as it n…"
Adani Wilmar,RT @OpIndia_com: Adani Enterprises will use funds raised from divestment to turbocharge its investment in core infrastructure platforms suc…
Adani Wilmar,"RT @tanmoyofc: ADANI, MANIPUR &amp; TWO NEWS

Is There Any Connection Between The Two News❓
🔸PLAM OIL Connection ???

📍ADANI's PALM OIL BUSINES…"
Adani Wilmar,"RT @tanmoyofc: ADANI, MANIPUR &amp; TWO NEWS

Is There Any Connection Between The Two News❓
🔸PLAM OIL Connection ???

📍ADANI's PALM OIL BUSINES…"
Adani Wilmar,"RT @jawharsircar: Adani empire starts cracking up! 

Adani starts to exit prize company Adani Wilmar and decides to sell it stake
— as it n…"
Adani Wilmar,"RT @tanmoyofc: ADANI, MANIPUR &amp; TWO NEWS

Is There Any Connection Between The Two News❓
🔸PLAM OIL Connection ???

📍ADANI's PALM OIL BUSINES…"
Adani Wilmar,"RT @tanmoyofc: ADANI, MANIPUR &amp; TWO NEWS

Is There Any Connection Between The Two News❓
🔸PLAM OIL Connection ???

📍ADANI's PALM OIL BUSINES…"
Adani Wilmar,"RT @RavinderKapur2: BREAKING NEWS ➖ Adani exits FMCG segment.

Adani's major fallout since his US  Bribery indictment .

Adani group announ…"
Adani Wilmar,"Adani group to exit Adani Wilmar, sell stake to raise over $2 billion - Times of India https://t.co/aWJzUSN3la"
Adani Wilmar,"RT @jawharsircar: Adani empire starts cracking up! 

Adani starts to exit prize company Adani Wilmar and decides to sell it stake
— as it n…"
Adani Wilmar,"RT @tanmoyofc: ADANI, MANIPUR &amp; TWO NEWS

Is There Any Connection Between The Two News❓
🔸PLAM OIL Connection ???

📍ADANI's PALM OIL BUSINES…"
Adani Wilmar,"RT @jawharsircar: Adani empire starts cracking up! 

Adani starts to exit prize company Adani Wilmar and decides to sell it stake
— as it n…"
Adani Wilmar,"RT @tanmoyofc: ADANI, MANIPUR &amp; TWO NEWS

Is There Any Connection Between The Two News❓
🔸PLAM OIL Connection ???

📍ADANI's PALM OIL BUSINES…"
Adani Wilmar,"RT @tanmoyofc: ADANI, MANIPUR &amp; TWO NEWS

Is There Any Connection Between The Two News❓
🔸PLAM OIL Connection ???

📍ADANI's PALM OIL BUSINES…"
Adani Wilmar,"RT @jawharsircar: Adani empire starts cracking up! 

Adani starts to exit prize company Adani Wilmar and decides to sell it stake
— as it n…"
Adani Wilmar,"RT @tanmoyofc: ADANI, MANIPUR &amp; TWO NEWS

Is There Any Connection Between The Two News❓
🔸PLAM OIL Connection ???

📍ADANI's PALM OIL BUSINES…"
Adani Wilmar,"RT @RavinderKapur2: BREAKING NEWS ➖ Adani exits FMCG segment.

Adani's major fallout since his US  Bribery indictment .

Adani group announ…"
Adani Wilmar,"RT @tanmoyofc: ADANI, MANIPUR &amp; TWO NEWS

Is There Any Connection Between The Two News❓
🔸PLAM OIL Connection ???

📍ADANI's PALM OIL BUSINES…"
Adani Wilmar,"RT @tanmoyofc: ADANI, MANIPUR &amp; TWO NEWS

Is There Any Connection Between The Two News❓
🔸PLAM OIL Connection ???

📍ADANI's PALM OIL BUSINES…"
Adani Wilmar,"RT @jawharsircar: Adani empire starts cracking up! 

Adani starts to exit prize company Adani Wilmar and decides to sell it stake
— as it n…"
Adani Wilmar,"RT @jawharsircar: Adani empire starts cracking up! 

Adani starts to exit prize company Adani Wilmar and decides to sell it stake
— as it n…"
Adani Wilmar,RT @OpIndia_in: अडानी समूह अब आटा-तेल बेचने का धंधा नहीं करेगा। उसने विल्मर में अपनी पूरी हिस्सेदारी बेचने का फैसला लिया है। ₹17000 करोड़…
Adani Wilmar,"RT @tanmoyofc: ADANI, MANIPUR &amp; TWO NEWS

Is There Any Connection Between The Two News❓
🔸PLAM OIL Connection ???

📍ADANI's PALM OIL BUSINES…"
Adani Wilmar,"RT @RavinderKapur2: BREAKING NEWS ➖ Adani exits FMCG segment.

Adani's major fallout since his US  Bribery indictment .

Adani group announ…"
Adani Wilmar,"RT @RavinderKapur2: BREAKING NEWS ➖ Adani exits FMCG segment.

Adani's major fallout since his US  Bribery indictment .

Adani group announ…"
Adani Wilmar,"RT @tanmoyofc: ADANI, MANIPUR &amp; TWO NEWS

Is There Any Connection Between The Two News❓
🔸PLAM OIL Connection ???

📍ADANI's PALM OIL BUSINES…"
Adani Wilmar,@TheVivekSinghal Vivek ji are you feels that Adani Group is facing cash flow problems considering its dep and hence he sold his Adani Wilmar stock...?
Adani Wilmar,"RT @tanmoyofc: ADANI, MANIPUR &amp; TWO NEWS

Is There Any Connection Between The Two News❓
🔸PLAM OIL Connection ???

📍ADANI's PALM OIL BUSINES…"
Adani Wilmar,"RT @RavinderKapur2: BREAKING NEWS ➖ Adani exits FMCG segment.

Adani's major fallout since his US  Bribery indictment .

Adani group announ…"
Adani Wilmar,"RT @jawharsircar: Adani empire starts cracking up! 

Adani starts to exit prize company Adani Wilmar and decides to sell it stake
— as it n…"
Adani Wilmar,"RT @jawharsircar: Adani empire starts cracking up! 

Adani starts to exit prize company Adani Wilmar and decides to sell it stake
— as it n…"
Adani Wilmar,"RT @tanmoyofc: ADANI, MANIPUR &amp; TWO NEWS

Is There Any Connection Between The Two News❓
🔸PLAM OIL Connection ???

📍ADANI's PALM OIL BUSINES…"
Adani Wilmar,"RT @tanmoyofc: ADANI, MANIPUR &amp; TWO NEWS

Is There Any Connection Between The Two News❓
🔸PLAM OIL Connection ???

📍ADANI's PALM OIL BUSINES…"
Adani Wilmar,"RT @tanmoyofc: ADANI, MANIPUR &amp; TWO NEWS

Is There Any Connection Between The Two News❓
🔸PLAM OIL Connection ???

📍ADANI's PALM OIL BUSINES…"
Adani Wilmar,"RT @jawharsircar: Adani empire starts cracking up! 

Adani starts to exit prize company Adani Wilmar and decides to sell it stake
— as it n…"
Adani Wilmar,"RT @tanmoyofc: ADANI, MANIPUR &amp; TWO NEWS

Is There Any Connection Between The Two News❓
🔸PLAM OIL Connection ???

📍ADANI's PALM OIL BUSINES…"
Adani Wilmar,"RT @tanmoyofc: ADANI, MANIPUR &amp; TWO NEWS

Is There Any Connection Between The Two News❓
🔸PLAM OIL Connection ???

📍ADANI's PALM OIL BUSINES…"
Adani Wilmar,"RT @tanmoyofc: ADANI, MANIPUR &amp; TWO NEWS

Is There Any Connection Between The Two News❓
🔸PLAM OIL Connection ???

📍ADANI's PALM OIL BUSINES…"
Adani Wilmar,"RT @tanmoyofc: ADANI, MANIPUR &amp; TWO NEWS

Is There Any Connection Between The Two News❓
🔸PLAM OIL Connection ???

📍ADANI's PALM OIL BUSINES…"
Adani Wilmar,"RT @tanmoyofc: ADANI, MANIPUR &amp; TWO NEWS

Is There Any Connection Between The Two News❓
🔸PLAM OIL Connection ???

📍ADANI's PALM OIL BUSINES…"
Adani Wilmar,"RT @jawharsircar: Adani empire starts cracking up! 

Adani starts to exit prize company Adani Wilmar and decides to sell it stake
— as it n…"
Adani Wilmar,"No. It exhibits how important the farm laws were to Adani Wilmar's fortunes, and how sure they were of getting it passed. https://t.co/2Hseam7clX"
Adani Wilmar,"RT @RavinderKapur2: BREAKING NEWS ➖ Adani exits FMCG segment.

Adani's major fallout since his US  Bribery indictment .

Adani group announ…"
Adani Wilmar,"RT @tanmoyofc: ADANI, MANIPUR &amp; TWO NEWS

Is There Any Connection Between The Two News❓
🔸PLAM OIL Connection ???

📍ADANI's PALM OIL BUSINES…"
Adani Wilmar,"RT @tanmoyofc: ADANI, MANIPUR &amp; TWO NEWS

Is There Any Connection Between The Two News❓
🔸PLAM OIL Connection ???

📍ADANI's PALM OIL BUSINES…"
Adani Wilmar,"RT @tanmoyofc: ADANI, MANIPUR &amp; TWO NEWS

Is There Any Connection Between The Two News❓
🔸PLAM OIL Connection ???

📍ADANI's PALM OIL BUSINES…"
Adani Wilmar,"RT @tanmoyofc: ADANI, MANIPUR &amp; TWO NEWS

Is There Any Connection Between The Two News❓
🔸PLAM OIL Connection ???

📍ADANI's PALM OIL BUSINES…"
Adani Wilmar,"RT @tanmoyofc: ADANI, MANIPUR &amp; TWO NEWS

Is There Any Connection Between The Two News❓
🔸PLAM OIL Connection ???

📍ADANI's PALM OIL BUSINES…"
Adani Wilmar,"RT @tanmoyofc: ADANI, MANIPUR &amp; TWO NEWS

Is There Any Connection Between The Two News❓
🔸PLAM OIL Connection ???

📍ADANI's PALM OIL BUSINES…"
Adani Wilmar,"RT @tanmoyofc: ADANI, MANIPUR &amp; TWO NEWS

Is There Any Connection Between The Two News❓
🔸PLAM OIL Connection ???

📍ADANI's PALM OIL BUSINES…"
Adani Wilmar,"RT @jawharsircar: Adani empire starts cracking up! 

Adani starts to exit prize company Adani Wilmar and decides to sell it stake
— as it n…"
Adani Wilmar,"RT @tanmoyofc: ADANI, MANIPUR &amp; TWO NEWS

Is There Any Connection Between The Two News❓
🔸PLAM OIL Connection ???

📍ADANI's PALM OIL BUSINES…"
Adani Wilmar,"RT @tanmoyofc: ADANI, MANIPUR &amp; TWO NEWS

Is There Any Connection Between The Two News❓
🔸PLAM OIL Connection ???

📍ADANI's PALM OIL BUSINES…"
Adani Wilmar,"RT @tanmoyofc: ADANI, MANIPUR &amp; TWO NEWS

Is There Any Connection Between The Two News❓
🔸PLAM OIL Connection ???

📍ADANI's PALM OIL BUSINES…"
Adani Wilmar,"RT @PriaINC: Breaking ‼️

Adani Group to sell 44% stake in Adani Wilmar to Lence PTE LT.

#AccheDin https://t.co/BCZp1UgHBL"
Adani Wilmar,"RT @jawharsircar: Adani empire starts cracking up! 

Adani starts to exit prize company Adani Wilmar and decides to sell it stake
— as it n…"
Adani Wilmar,"RT @tanmoyofc: ADANI, MANIPUR &amp; TWO NEWS

Is There Any Connection Between The Two News❓
🔸PLAM OIL Connection ???

📍ADANI's PALM OIL BUSINES…"
Adani Wilmar,"RT @RavinderKapur2: BREAKING NEWS ➖ Adani exits FMCG segment.

Adani's major fallout since his US  Bribery indictment .

Adani group announ…"
Adani Wilmar,"RT @jawharsircar: Adani empire starts cracking up! 

Adani starts to exit prize company Adani Wilmar and decides to sell it stake
— as it n…"
Adani Wilmar,"RT @tanmoyofc: ADANI, MANIPUR &amp; TWO NEWS

Is There Any Connection Between The Two News❓
🔸PLAM OIL Connection ???

📍ADANI's PALM OIL BUSINES…"
Adani Wilmar,"RT @RavinderKapur2: BREAKING NEWS ➖ Adani exits FMCG segment.

Adani's major fallout since his US  Bribery indictment .

Adani group announ…"
Adani Wilmar,"RT @tanmoyofc: ADANI, MANIPUR &amp; TWO NEWS

Is There Any Connection Between The Two News❓
🔸PLAM OIL Connection ???

📍ADANI's PALM OIL BUSINES…"
Adani Wilmar,"RT @RavinderKapur2: BREAKING NEWS ➖ Adani exits FMCG segment.

Adani's major fallout since his US  Bribery indictment .

Adani group announ…"
Adani Wilmar,"RT @jawharsircar: Adani empire starts cracking up! 

Adani starts to exit prize company Adani Wilmar and decides to sell it stake
— as it n…"
Adani Wilmar,"RT @tanmoyofc: ADANI, MANIPUR &amp; TWO NEWS

Is There Any Connection Between The Two News❓
🔸PLAM OIL Connection ???

📍ADANI's PALM OIL BUSINES…"
Adani Wilmar,"RT @jawharsircar: Adani empire starts cracking up! 

Adani starts to exit prize company Adani Wilmar and decides to sell it stake
— as it n…"
Adani Wilmar,"RT @jawharsircar: Adani empire starts cracking up! 

Adani starts to exit prize company Adani Wilmar and decides to sell it stake
— as it n…"
Adani Wilmar,"@RavinderKapur2 FMCG businesses is low margin intense competitive business.. He realise very fast that is strengths are in infra creation high growth high yielding sectors ,exit from Adani wilmar is very good business move to get 2billion $ cash into his  system."
Adani Wilmar,"RT @tanmoyofc: ADANI, MANIPUR &amp; TWO NEWS

Is There Any Connection Between The Two News❓
🔸PLAM OIL Connection ???

📍ADANI's PALM OIL BUSINES…"
Adani Wilmar,"RT @jawharsircar: Adani empire starts cracking up! 

Adani starts to exit prize company Adani Wilmar and decides to sell it stake
— as it n…"
Adani Wilmar,"RT @tanmoyofc: ADANI, MANIPUR &amp; TWO NEWS

Is There Any Connection Between The Two News❓
🔸PLAM OIL Connection ???

📍ADANI's PALM OIL BUSINES…"
Adani Wilmar,"RT @tanmoyofc: ADANI, MANIPUR &amp; TWO NEWS

Is There Any Connection Between The Two News❓
🔸PLAM OIL Connection ???

📍ADANI's PALM OIL BUSINES…"
Adani Wilmar,"RT @tanmoyofc: ADANI, MANIPUR &amp; TWO NEWS

Is There Any Connection Between The Two News❓
🔸PLAM OIL Connection ???

📍ADANI's PALM OIL BUSINES…"
Adani Wilmar,"RT @tanmoyofc: ADANI, MANIPUR &amp; TWO NEWS

Is There Any Connection Between The Two News❓
🔸PLAM OIL Connection ???

📍ADANI's PALM OIL BUSINES…"
Adani Wilmar,"RT @jawharsircar: Adani empire starts cracking up! 

Adani starts to exit prize company Adani Wilmar and decides to sell it stake
— as it n…"
Adani Wilmar,"RT @RavinderKapur2: BREAKING NEWS ➖ Adani exits FMCG segment.

Adani's major fallout since his US  Bribery indictment .

Adani group announ…"
Adani Wilmar,"RT @tanmoyofc: ADANI, MANIPUR &amp; TWO NEWS

Is There Any Connection Between The Two News❓
🔸PLAM OIL Connection ???

📍ADANI's PALM OIL BUSINES…"
Adani Wilmar,"RT @tanmoyofc: ADANI, MANIPUR &amp; TWO NEWS

Is There Any Connection Between The Two News❓
🔸PLAM OIL Connection ???

📍ADANI's PALM OIL BUSINES…"
Adani Wilmar,"RT @jawharsircar: Adani empire starts cracking up! 

Adani starts to exit prize company Adani Wilmar and decides to sell it stake
— as it n…"
Adani Wilmar,"RT @tanmoyofc: ADANI, MANIPUR &amp; TWO NEWS

Is There Any Connection Between The Two News❓
🔸PLAM OIL Connection ???

📍ADANI's PALM OIL BUSINES…"
Adani Wilmar,"RT @tanmoyofc: ADANI, MANIPUR &amp; TWO NEWS

Is There Any Connection Between The Two News❓
🔸PLAM OIL Connection ???

📍ADANI's PALM OIL BUSINES…"
Adani Wilmar,"RT @tanmoyofc: ADANI, MANIPUR &amp; TWO NEWS

Is There Any Connection Between The Two News❓
🔸PLAM OIL Connection ???

📍ADANI's PALM OIL BUSINES…"
Adani Wilmar,"RT @tanmoyofc: ADANI, MANIPUR &amp; TWO NEWS

Is There Any Connection Between The Two News❓
🔸PLAM OIL Connection ???

📍ADANI's PALM OIL BUSINES…"
Adani Wilmar,"RT @RavinderKapur2: BREAKING NEWS ➖ Adani exits FMCG segment.

Adani's major fallout since his US  Bribery indictment .

Adani group announ…"
Adani Wilmar,"गौतम भाई के सारे बिज़नस (Port, Airport, Coal, Gas, Energy, Mining) सब मज़े से और प्रॉफिट में चल रहे है बस एक Grocery Business (Adani Wilmar) नहीं चला क्यूँकि उसमें ऑर्डर सरकार से नहीं जनता से आता है। इसीलिए बेचना पड रहा है।

@ranvijaylive @suchetadalal"
Adani Wilmar,"RT @jawharsircar: Adani empire starts cracking up! 

Adani starts to exit prize company Adani Wilmar and decides to sell it stake
— as it n…"
Adani Wilmar,"RT @PriaINC: Breaking ‼️

Adani Group to sell 44% stake in Adani Wilmar to Lence PTE LT.

#AccheDin https://t.co/BCZp1UgHBL"
Adani Wilmar,"RT @tanmoyofc: ADANI, MANIPUR &amp; TWO NEWS

Is There Any Connection Between The Two News❓
🔸PLAM OIL Connection ???

📍ADANI's PALM OIL BUSINES…"
Adani Wilmar,"RT @jawharsircar: Adani empire starts cracking up! 

Adani starts to exit prize company Adani Wilmar and decides to sell it stake
— as it n…"
Adani Wilmar,"RT @tanmoyofc: ADANI, MANIPUR &amp; TWO NEWS

Is There Any Connection Between The Two News❓
🔸PLAM OIL Connection ???

📍ADANI's PALM OIL BUSINES…"
Adani Wilmar,"RT @tanmoyofc: ADANI, MANIPUR &amp; TWO NEWS

Is There Any Connection Between The Two News❓
🔸PLAM OIL Connection ???

📍ADANI's PALM OIL BUSINES…"
Adani Wilmar,"RT @jawharsircar: Adani empire starts cracking up! 

Adani starts to exit prize company Adani Wilmar and decides to sell it stake
— as it n…"
Adani Wilmar,"RT @jawharsircar: Adani empire starts cracking up! 

Adani starts to exit prize company Adani Wilmar and decides to sell it stake
— as it n…"
Adani Wilmar,"RT @tanmoyofc: ADANI, MANIPUR &amp; TWO NEWS

Is There Any Connection Between The Two News❓
🔸PLAM OIL Connection ???

📍ADANI's PALM OIL BUSINES…"
Adani Wilmar,"RT @RavinderKapur2: BREAKING NEWS ➖ Adani exits FMCG segment.

Adani's major fallout since his US  Bribery indictment .

Adani group announ…"
